"Rounds","r","MAE"
9,0.826991557549397,6.94444444444444
18,0.941898815811733,4.20555555555555
27,0.959433899308216,3.35555555555556
