Rounds,r,MAE
9,0.8334560262724905,6.905555555555555
18,0.9417110944436405,4.133333333333333
27,0.9599982255610386,3.322222222222222
